horizon,method,split,cost_per_leg_bps,rows,mae_bps,rmse_bps,zero_forecast_mae_bps,zero_forecast_rmse_bps,direction_accuracy_nonzero,trades,net_pnl
15,static_ridge,validation_2024,2.0,61719,23.364177094756197,38.80280466824408,23.3212808443707,38.78793087238654,0.5055525393613346,47,-3381.775679999814
15,static_ridge,validation_2024,5.0,61719,23.364177094756197,38.80280466824408,23.3212808443707,38.78793087238654,0.5055525393613346,18,-10141.857174999754
15,static_ridge,historical_test_2025_2026,2.0,96747,21.563854458256426,32.74140172897112,21.52043089684206,32.70056450806401,0.5080251295144664,16,-2040.3859779998745
15,static_ridge,historical_test_2025_2026,5.0,96747,21.563854458256426,32.74140172897112,21.52043089684206,32.70056450806401,0.5080251295144664,4,-38.00746999990366
15,static_ridge,historical_test_2025,2.0,62223,20.7195366525638,31.11429852139801,20.688312678663802,31.07354984141566,0.5115482191690554,6,-1221.0864879999765
15,static_ridge,historical_test_2025,5.0,62223,20.7195366525638,31.11429852139801,20.688312678663802,31.07354984141566,0.5115482191690554,3,-93.6555699999463
15,static_ridge,historical_test_2026,2.0,34524,23.085578094672027,35.486042486574604,23.02016707717186,35.444848876743535,0.501677105286592,10,-819.2994899998981
15,static_ridge,historical_test_2026,5.0,34524,23.085578094672027,35.486042486574604,23.02016707717186,35.444848876743535,0.501677105286592,1,55.64810000004263
15,expanding_monthly,validation_2024,2.0,61719,23.347334644111285,38.80539880743986,23.3212808443707,38.78793087238654,0.5081684023493411,42,-11124.498269999842
15,expanding_monthly,validation_2024,5.0,61719,23.347334644111285,38.80539880743986,23.3212808443707,38.78793087238654,0.5081684023493411,21,5474.033150000235
15,expanding_monthly,historical_test_2025_2026,2.0,96747,21.54534155451035,32.72864369165357,21.52043089684206,32.70056450806401,0.5073470987700098,9,2293.161342000087
15,expanding_monthly,historical_test_2025_2026,5.0,96747,21.54534155451035,32.72864369165357,21.52043089684206,32.70056450806401,0.5073470987700098,4,1.5442550000663573
15,expanding_monthly,historical_test_2025,2.0,62223,20.702233069008134,31.097724818108087,20.688312678663802,31.07354984141566,0.5120259629007281,5,2151.041692000052
15,expanding_monthly,historical_test_2025,5.0,62223,20.702233069008134,31.097724818108087,20.688312678663802,31.07354984141566,0.5120259629007281,3,-93.6555699999463
15,expanding_monthly,historical_test_2026,2.0,34524,23.064885619317568,35.479245489276586,23.02016707717186,35.444848876743535,0.4989165603015821,4,142.11965000003516
15,expanding_monthly,historical_test_2026,5.0,34524,23.064885619317568,35.479245489276586,23.02016707717186,35.444848876743535,0.4989165603015821,1,95.19982500001265
15,rolling_12month_monthly,validation_2024,2.0,61719,23.358406643703862,38.838306253692934,23.3212808443707,38.78793087238654,0.5155717881644539,121,24645.12680800031
15,rolling_12month_monthly,validation_2024,5.0,61719,23.358406643703862,38.838306253692934,23.3212808443707,38.78793087238654,0.5155717881644539,53,28287.920760000612
15,rolling_12month_monthly,historical_test_2025_2026,2.0,96747,21.571683106126823,32.736985929251745,21.52043089684206,32.70056450806401,0.5010223432318759,43,-4101.1136239998295
15,rolling_12month_monthly,historical_test_2025_2026,5.0,96747,21.571683106126823,32.736985929251745,21.52043089684206,32.70056450806401,0.5010223432318759,18,-1827.702024999796
15,rolling_12month_monthly,historical_test_2025,2.0,62223,20.731823625111403,31.107306767186124,20.688312678663802,31.07354984141566,0.503920793384073,37,524.7931040001284
15,rolling_12month_monthly,historical_test_2025,5.0,62223,20.731823625111403,31.107306767186124,20.688312678663802,31.07354984141566,0.503920793384073,16,1654.548775000175
15,rolling_12month_monthly,historical_test_2026,2.0,34524,23.085371452993428,35.485673543750416,23.02016707717186,35.444848876743535,0.4957998159636677,6,-4625.906727999958
15,rolling_12month_monthly,historical_test_2026,5.0,34524,23.085371452993428,35.485673543750416,23.02016707717186,35.444848876743535,0.4957998159636677,2,-3482.250799999971
15,recency_90date_monthly,validation_2024,2.0,61719,23.354222445888794,38.835989488251066,23.3212808443707,38.78793087238654,0.5153908165111956,83,5680.180174000271
15,recency_90date_monthly,validation_2024,5.0,61719,23.354222445888794,38.835989488251066,23.3212808443707,38.78793087238654,0.5153908165111956,38,10571.848360000433
15,recency_90date_monthly,historical_test_2025_2026,2.0,96747,21.556633116666678,32.72822868212554,21.52043089684206,32.70056450806401,0.5041688296553697,29,-43.183825999865036
15,recency_90date_monthly,historical_test_2025_2026,5.0,96747,21.556633116666678,32.72822868212554,21.52043089684206,32.70056450806401,0.5041688296553697,15,-399.17481999980095
15,recency_90date_monthly,historical_test_2025,2.0,62223,20.714097313028304,31.09994593980117,20.688312678663802,31.07354984141566,0.5090771309017825,26,2363.800102000097
15,recency_90date_monthly,historical_test_2025,5.0,62223,20.714097313028304,31.09994593980117,20.688312678663802,31.07354984141566,0.5090771309017825,14,47.418980000182884
15,recency_90date_monthly,historical_test_2026,2.0,34524,23.07514503040177,35.47466346946396,23.02016707717186,35.444848876743535,0.4953248834931283,3,-2406.9839279999624
15,recency_90date_monthly,historical_test_2026,5.0,34524,23.07514503040177,35.47466346946396,23.02016707717186,35.444848876743535,0.4953248834931283,1,-446.59379999998384
15,controlled_selector,validation_2024,2.0,61719,23.364177094756197,38.80280466824408,23.3212808443707,38.78793087238654,0.5055525393613346,47,-3381.775679999814
15,controlled_selector,validation_2024,5.0,61719,23.364177094756197,38.80280466824408,23.3212808443707,38.78793087238654,0.5055525393613346,18,-10141.857174999754
15,controlled_selector,historical_test_2025_2026,2.0,96747,21.563854458256426,32.74140172897112,21.52043089684206,32.70056450806401,0.5080251295144664,16,-2040.3859779998745
15,controlled_selector,historical_test_2025_2026,5.0,96747,21.563854458256426,32.74140172897112,21.52043089684206,32.70056450806401,0.5080251295144664,4,-38.00746999990366
15,controlled_selector,historical_test_2025,2.0,62223,20.7195366525638,31.11429852139801,20.688312678663802,31.07354984141566,0.5115482191690554,6,-1221.0864879999765
15,controlled_selector,historical_test_2025,5.0,62223,20.7195366525638,31.11429852139801,20.688312678663802,31.07354984141566,0.5115482191690554,3,-93.6555699999463
15,controlled_selector,historical_test_2026,2.0,34524,23.085578094672027,35.486042486574604,23.02016707717186,35.444848876743535,0.501677105286592,10,-819.2994899998981
15,controlled_selector,historical_test_2026,5.0,34524,23.085578094672027,35.486042486574604,23.02016707717186,35.444848876743535,0.501677105286592,1,55.64810000004263
5,static_ridge,validation_2024,2.0,61719,13.530262225157053,22.098176383981162,13.513869821997602,22.120144089316543,0.5038731279881391,4,5128.253690000012
5,static_ridge,validation_2024,5.0,61719,13.530262225157053,22.098176383981162,13.513869821997602,22.120144089316543,0.5038731279881391,2,1656.7257750000022
5,static_ridge,historical_test_2025_2026,2.0,96747,12.425029374748341,18.783573442484485,12.395160040304088,18.761440801790094,0.5025059949448033,1,-602.4275619999976
5,static_ridge,historical_test_2025_2026,5.0,96747,12.425029374748341,18.783573442484485,12.395160040304088,18.761440801790094,0.5025059949448033,1,-662.2439049999665
5,static_ridge,historical_test_2025,2.0,62223,11.935514953454113,17.771079267019292,11.904858596428815,17.74562061991344,0.5014005602240896,1,-602.4275619999976
5,static_ridge,historical_test_2025,5.0,62223,11.935514953454113,17.771079267019292,11.904858596428815,17.74562061991344,0.5014005602240896,1,-662.2439049999665
5,static_ridge,historical_test_2026,2.0,34524,13.307286814100408,20.4823985897541,13.278835939453987,20.465328661792448,0.5045055978640128,0,0.0
5,static_ridge,historical_test_2026,5.0,34524,13.307286814100408,20.4823985897541,13.278835939453987,20.465328661792448,0.5045055978640128,0,0.0
5,expanding_monthly,validation_2024,2.0,61719,13.529090132712087,22.11425482211818,13.513869821997602,22.120144089316543,0.5085375401889087,7,6596.960230000021
5,expanding_monthly,validation_2024,5.0,61719,13.529090132712087,22.11425482211818,13.513869821997602,22.120144089316543,0.5085375401889087,3,2013.3061250000142
5,expanding_monthly,historical_test_2025_2026,2.0,96747,12.421546930112251,18.781783751525015,12.395160040304088,18.761440801790094,0.5066538486465467,2,-1139.179081999995
5,expanding_monthly,historical_test_2025_2026,5.0,96747,12.421546930112251,18.781783751525015,12.395160040304088,18.761440801790094,0.5066538486465467,1,-662.2439049999665
5,expanding_monthly,historical_test_2025,2.0,62223,11.930380159723876,17.765816709518134,11.904858596428815,17.74562061991344,0.5081769234639963,1,-602.4275619999976
5,expanding_monthly,historical_test_2025,5.0,62223,11.930380159723876,17.765816709518134,11.904858596428815,17.74562061991344,0.5081769234639963,1,-662.2439049999665
5,expanding_monthly,historical_test_2026,2.0,34524,13.306782417132181,20.48602720697023,13.278835939453987,20.465328661792448,0.5038987833368731,1,-536.7515199999974
5,expanding_monthly,historical_test_2026,5.0,34524,13.306782417132181,20.48602720697023,13.278835939453987,20.465328661792448,0.5038987833368731,0,0.0
5,rolling_12month_monthly,validation_2024,2.0,61719,13.564178342126686,22.15871879376777,13.513869821997602,22.120144089316543,0.5114861150443952,39,-6090.688739999873
5,rolling_12month_monthly,validation_2024,5.0,61719,13.564178342126686,22.15871879376777,13.513869821997602,22.120144089316543,0.5114861150443952,17,-1437.81247499981
5,rolling_12month_monthly,historical_test_2025_2026,2.0,96747,12.430731229363655,18.789674011588243,12.395160040304088,18.761440801790094,0.5084685346410595,33,-1198.8771019997712
5,rolling_12month_monthly,historical_test_2025_2026,5.0,96747,12.430731229363655,18.789674011588243,12.395160040304088,18.761440801790094,0.5084685346410595,14,-502.0974049997883
5,rolling_12month_monthly,historical_test_2025,2.0,62223,11.945760078950762,17.779693806397272,11.904858596428815,17.74562061991344,0.510994817088512,32,-1491.7255819997922
5,rolling_12month_monthly,historical_test_2025,5.0,62223,11.945760078950762,17.779693806397272,11.904858596428815,17.74562061991344,0.510994817088512,13,-735.8736049998118
5,rolling_12month_monthly,historical_test_2026,2.0,34524,13.304800279651618,20.484604670441126,13.278835939453987,20.465328661792448,0.5038987833368731,1,292.84848000002114
5,rolling_12month_monthly,historical_test_2026,5.0,34524,13.304800279651618,20.484604670441126,13.278835939453987,20.465328661792448,0.5038987833368731,1,233.77620000002358
5,recency_90date_monthly,validation_2024,2.0,61719,13.559884467793953,22.16572660043654,13.513869821997602,22.120144089316543,0.5124189974845491,24,3907.9062400001044
5,recency_90date_monthly,validation_2024,5.0,61719,13.559884467793953,22.16572660043654,13.513869821997602,22.120144089316543,0.5124189974845491,11,-69.50357499987244
5,recency_90date_monthly,historical_test_2025_2026,2.0,96747,12.42539851469355,18.78486483409778,12.395160040304088,18.761440801790094,0.5065782367301087,24,-2348.8089619998373
5,recency_90date_monthly,historical_test_2025_2026,5.0,96747,12.42539851469355,18.78486483409778,12.395160040304088,18.761440801790094,0.5065782367301087,15,-3126.291824999856
5,recency_90date_monthly,historical_test_2025,2.0,62223,11.935573978250076,17.77321247617955,11.904858596428815,17.74562061991344,0.5107935389724753,24,-2348.8089619998373
5,recency_90date_monthly,historical_test_2025,5.0,62223,11.935573978250076,17.77321247617955,11.904858596428815,17.74562061991344,0.5107935389724753,15,-3126.291824999856
5,recency_90date_monthly,historical_test_2026,2.0,34524,13.308214878125433,20.48238146111507,13.278835939453987,20.465328661792448,0.4989532449406839,0,0.0
5,recency_90date_monthly,historical_test_2026,5.0,34524,13.308214878125433,20.48238146111507,13.278835939453987,20.465328661792448,0.4989532449406839,0,0.0
30,static_ridge,validation_2024,2.0,61719,32.982189174958854,54.040680121975385,32.877835747919626,53.95224949622343,0.5062590116660113,120,-10085.204239999512
30,static_ridge,validation_2024,5.0,61719,32.982189174958854,54.040680121975385,32.877835747919626,53.95224949622343,0.5062590116660113,35,-2889.457074999602
30,static_ridge,historical_test_2025_2026,2.0,96747,30.49496995481698,46.0258815446373,30.438012522769977,45.99316677970653,0.5112500656823078,81,-7750.674023999567
30,static_ridge,historical_test_2025_2026,5.0,96747,30.49496995481698,46.0258815446373,30.438012522769977,45.99316677970653,0.5112500656823078,23,-1357.3190699997542
30,static_ridge,historical_test_2025,2.0,62223,29.27997462236973,43.698258552237235,29.217547661332265,43.65023880165582,0.5115074892602212,39,-7301.488867999854
30,static_ridge,historical_test_2025,5.0,62223,29.27997462236973,43.698258552237235,29.217547661332265,43.65023880165582,0.5115074892602212,10,-2791.8543149998673
30,static_ridge,historical_test_2026,2.0,34524,32.68476993659387,49.94780926095229,32.63767029919329,49.939036174891086,0.5107856427182177,42,-449.185155999713
30,static_ridge,historical_test_2026,5.0,34524,32.68476993659387,49.94780926095229,32.63767029919329,49.939036174891086,0.5107856427182177,13,1434.535245000113
30,expanding_monthly,validation_2024,2.0,61719,32.93708550972083,54.025785503310566,32.877835747919626,53.95224949622343,0.5087167387599948,69,-17644.827045999704
30,expanding_monthly,validation_2024,5.0,61719,32.93708550972083,54.025785503310566,32.877835747919626,53.95224949622343,0.5087167387599948,24,-17993.07839999978
30,expanding_monthly,historical_test_2025_2026,2.0,96747,30.460523361858748,46.01018853338883,30.438012522769977,45.99316677970653,0.5104408596500447,41,2449.874232000191
30,expanding_monthly,historical_test_2025_2026,5.0,96747,30.460523361858748,46.01018853338883,30.438012522769977,45.99316677970653,0.5104408596500447,8,570.4624800000796
30,expanding_monthly,historical_test_2025,2.0,62223,29.23478404328205,43.670214117786784,29.217547661332265,43.65023880165582,0.5136636121592264,27,3532.799372000117
30,expanding_monthly,historical_test_2025,5.0,62223,29.23478404328205,43.670214117786784,29.217547661332265,43.65023880165582,0.5136636121592264,6,299.78398000006825
30,expanding_monthly,historical_test_2026,2.0,34524,32.669687352699825,49.95149876913631,32.63767029919329,49.939036174891086,0.5046266281605469,14,-1082.9251399999252
30,expanding_monthly,historical_test_2026,5.0,34524,32.669687352699825,49.95149876913631,32.63767029919329,49.939036174891086,0.5046266281605469,2,270.67850000001135
30,rolling_12month_monthly,validation_2024,2.0,61719,32.93561604923267,54.05540747662459,32.877835747919626,53.95224949622343,0.5178594835496133,187,-32339.138433999233
30,rolling_12month_monthly,validation_2024,5.0,61719,32.93561604923267,54.05540747662459,32.877835747919626,53.95224949622343,0.5178594835496133,76,2668.59943500078
30,rolling_12month_monthly,historical_test_2025_2026,2.0,96747,30.51373097871039,46.05346652197816,30.438012522769977,45.99316677970653,0.5055961326257159,77,-12201.68212199968
30,rolling_12month_monthly,historical_test_2025_2026,5.0,96747,30.51373097871039,46.05346652197816,30.438012522769977,45.99316677970653,0.5055961326257159,29,-8940.912994999635
30,rolling_12month_monthly,historical_test_2025,2.0,62223,29.28101095986921,43.71096448127447,29.217547661332265,43.65023880165582,0.507048235082733,52,-4126.622961999824
30,rolling_12month_monthly,historical_test_2025,5.0,62223,29.28101095986921,43.71096448127447,29.217547661332265,43.65023880165582,0.507048235082733,18,-1602.9470749997731
30,rolling_12month_monthly,historical_test_2026,2.0,34524,32.73547636546612,49.99899864062504,32.63767029919329,49.939036174891086,0.5029763658867212,25,-8075.059159999856
30,rolling_12month_monthly,historical_test_2026,5.0,34524,32.73547636546612,49.99899864062504,32.63767029919329,49.939036174891086,0.5029763658867212,11,-7337.965919999861
30,recency_90date_monthly,validation_2024,2.0,61719,32.932051049689306,54.06577701321723,32.877835747919626,53.95224949622343,0.5177120199239743,163,-8287.787131999488
30,recency_90date_monthly,validation_2024,5.0,61719,32.932051049689306,54.06577701321723,32.877835747919626,53.95224949622343,0.5177120199239743,54,-25856.765339999485
30,recency_90date_monthly,historical_test_2025_2026,2.0,96747,30.494188080906667,46.03147813656322,30.438012522769977,45.99316677970653,0.5061110819189744,66,-21814.13988999963
30,recency_90date_monthly,historical_test_2025_2026,5.0,96747,30.494188080906667,46.03147813656322,30.438012522769977,45.99316677970653,0.5061110819189744,33,-4795.2721149996305
30,recency_90date_monthly,historical_test_2025,2.0,62223,29.25651378479813,43.68686951429186,29.217547661332265,43.65023880165582,0.5108867872135379,48,-14909.235355999735
30,recency_90date_monthly,historical_test_2025,5.0,62223,29.25651378479813,43.68686951429186,29.217547661332265,43.65023880165582,0.5108867872135379,27,-4720.122414999709
30,recency_90date_monthly,historical_test_2026,2.0,34524,32.72486261823611,49.98020749013228,32.63767029919329,49.939036174891086,0.49749513762008607,18,-6904.904533999896
30,recency_90date_monthly,historical_test_2026,5.0,34524,32.72486261823611,49.98020749013228,32.63767029919329,49.939036174891086,0.49749513762008607,6,-75.14969999992215
